Title,Date
"DEATH NOTE: Season 1: Friend","6/27/20"
"DEATH NOTE: Season 1: Confession","6/27/20"
"DEATH NOTE: Season 1: Love","6/27/20"
"DEATH NOTE: Season 1: Assault","6/27/20"
"DEATH NOTE: Season 1: Doubt","6/27/20"
"DEATH NOTE: Season 1: Encounter","6/27/20"
"DEATH NOTE: Season 1: Glare","6/27/20"
"DEATH NOTE: Season 1: Overcast","6/27/20"
"DEATH NOTE: Season 1: Unraveling","6/27/20"
"DEATH NOTE: Season 1: Tactics","6/27/20"
"DEATH NOTE: Season 1: Pursuit","6/27/20"
"DEATH NOTE: Season 1: Dealings","6/27/20"
"DEATH NOTE: Season 1: Confrontation","6/27/20"
"DEATH NOTE: Season 1: Rebirth","6/27/20"
"Breaking Bad: Season 4: Problem Dog","6/25/20"
"The Good Place: Season 3: Jeremy Bearimy","6/13/20"
"Rick and Morty: Season 4: Star Mort Rick Turn of the Jerri","6/9/20"
"Rick and Morty: Season 4: Childrick of Mort","6/6/20"
"Rick and Morty: Season 4: The Vat of Acid Episode","5/30/20"
"The Truman Show","5/24/20"
"Jimmy Carr: Funny Business","5/23/20"
"Rick and Morty: Season 4: Promortyus","5/23/20"
"Code Geass: Lelouch of the Rebellion: Season 2: Episode 25","5/16/20"
"Code Geass: Lelouch of the Rebellion: Season 2: Episode 24","5/16/20"
"Code Geass: Lelouch of the Rebellion: Season 2: Episode 23","5/16/20"
"Code Geass: Lelouch of the Rebellion: Season 2: Episode 22","5/16/20"
"Code Geass: Lelouch of the Rebellion: Season 2: Episode 21","5/16/20"
"Code Geass: Lelouch of the Rebellion: Season 2: Episode 20","5/16/20"
"Code Geass: Lelouch of the Rebellion: Season 2: Episode 19","5/16/20"
"Code Geass: Lelouch of the Rebellion: Season 2: Episode 18","5/16/20"
"Code Geass: Lelouch of the Rebellion: Season 2: Episode 17","5/16/20"
"Code Geass: Lelouch of the Rebellion: Season 2: Episode 16","5/16/20"
"Code Geass: Lelouch of the Rebellion: Season 2: Episode 15","5/16/20"
"Code Geass: Lelouch of the Rebellion: Season 2: Episode 14","5/16/20"
"Code Geass: Lelouch of the Rebellion: Season 2: Episode 13","5/15/20"
"Code Geass: Lelouch of the Rebellion: Season 2: Episode 12","5/15/20"
"Code Geass: Lelouch of the Rebellion: Season 2: Episode 11","5/15/20"
"Code Geass: Lelouch of the Rebellion: Season 2: Episode 10","5/15/20"
"Code Geass: Lelouch of the Rebellion: Season 2: Episode 9","5/15/20"
"Code Geass: Lelouch of the Rebellion: Season 2: Episode 8","5/14/20"
"Code Geass: Lelouch of the Rebellion: Season 2: Episode 7","5/14/20"
"Code Geass: Lelouch of the Rebellion: Season 2: Episode 6","5/14/20"
"Code Geass: Lelouch of the Rebellion: Season 2: Episode 5","5/14/20"
"Code Geass: Lelouch of the Rebellion: Season 2: Episode 4","5/14/20"
"Code Geass: Lelouch of the Rebellion: Season 2: Episode 3","5/14/20"
"Code Geass: Lelouch of the Rebellion: Season 2: Episode 2","5/12/20"
"Code Geass: Lelouch of the Rebellion: Season 2: Episode 1","5/12/20"
"Code Geass: Lelouch of the Rebellion: Season 1: Episode 25","5/11/20"
"Code Geass: Lelouch of the Rebellion: Season 1: Episode 24","5/11/20"
"Code Geass: Lelouch of the Rebellion: Season 1: Episode 23","5/11/20"
"Code Geass: Lelouch of the Rebellion: Season 1: Episode 22","5/11/20"
"Code Geass: Lelouch of the Rebellion: Season 1: Episode 21","5/11/20"
"Code Geass: Lelouch of the Rebellion: Season 1: Episode 20","5/11/20"
"Code Geass: Lelouch of the Rebellion: Season 1: Episode 19","5/11/20"
"Code Geass: Lelouch of the Rebellion: Season 1: Episode 18","5/11/20"
"Code Geass: Lelouch of the Rebellion: Season 1: Episode 17","5/11/20"
"Code Geass: Lelouch of the Rebellion: Season 1: Episode 16","5/11/20"
"Code Geass: Lelouch of the Rebellion: Season 1: Episode 15","5/11/20"
"Code Geass: Lelouch of the Rebellion: Season 1: Episode 14","5/10/20"
"Code Geass: Lelouch of the Rebellion: Season 1: Episode 13","5/10/20"
"Code Geass: Lelouch of the Rebellion: Season 1: Episode 12","5/10/20"
"Code Geass: Lelouch of the Rebellion: Season 1: Episode 11","5/10/20"
"Rick and Morty: Season 4: Never Ricking Morty","5/10/20"
"Code Geass: Lelouch of the Rebellion: Season 1: Episode 10","5/10/20"
"Code Geass: Lelouch of the Rebellion: Season 1: Episode 9","5/10/20"
"Code Geass: Lelouch of the Rebellion: Season 1: Episode 8","5/10/20"
"Code Geass: Lelouch of the Rebellion: Season 1: Episode 7","5/10/20"
"Code Geass: Lelouch of the Rebellion: Season 1: Episode 6","5/9/20"
"Code Geass: Lelouch of the Rebellion: Season 1: Episode 5","5/9/20"
"Code Geass: Lelouch of the Rebellion: Season 1: Episode 4","5/9/20"
"Code Geass: Lelouch of the Rebellion: Season 1: Episode 3","5/9/20"
"Code Geass: Lelouch of the Rebellion: Season 1: Episode 2","5/9/20"
"The Good Place: Season 3: The Snowplow","5/1/20"
"2001: A Space Odyssey","5/1/20"
"The Good Place: Season 3: The Brainy Bunch","4/30/20"
"The Good Place: Season 3: Everything is Bonzer","4/30/20"
"The Good Place: Season 2: Somewhere Else","4/30/20"
"The Good Place: Season 2: The Burrito","4/30/20"
"The Good Place: Season 2: Rhonda, Diana, Jake, and Trent","4/30/20"
"The Good Place: Season 2: Best Self","4/30/20"
"The Good Place: Season 2: Leap to Faith","4/30/20"
"The Good Place: Season 2: Derek","4/30/20"
"The Good Place: Season 2: Janet and Michael","4/30/20"
"The Good Place: Season 2: The Trolley Problem","4/30/20"
"The Good Place: Season 2: Existential Crisis","4/30/20"
"The Good Place: Season 2: Team Cockroach","4/30/20"
"The Good Place: Season 2: Dance Dance Resolution","4/30/20"
"The Good Place: Season 2: Everything Is Great!","4/30/20"
"The Good Place: Season 1: Michael's Gambit","4/30/20"
"The Good Place: Season 1: Mindy St. Claire","4/30/20"
"The Good Place: Season 1: What's My Motivation","4/29/20"
"The Good Place: Season 1: Chidi's Choice","4/29/20"
"The Good Place: Season 1: ...Someone Like Me as a Member","4/29/20"
"The Good Place: Season 1: Most Improved Player","4/29/20"
"The Good Place: Season 1: The Eternal Shriek","4/29/20"
"The Good Place: Season 1: What We Owe to Each Other","4/29/20"
"The Good Place: Season 1: Category 55 Emergency Doomsday Crisis","4/29/20"
"The Good Place: Season 1: Jason Mendoza","4/29/20"
"The Good Place: Season 1: Tahani Al-Jamil","4/29/20"
"The Good Place: Season 1: Flying","4/29/20"
"The Good Place: Season 1: Everything Is Fine","4/29/20"
"Community: Season 1: Community","4/29/20"
"JoJo's Bizarre Adventure: Stardust Crusaders: Long Journey Farewell, My Friends","4/26/20"
"JoJo's Bizarre Adventure: Stardust Crusaders: Dio's World, Part 3","4/26/20"
"JoJo's Bizarre Adventure: Stardust Crusaders: Dio's World, Part 2","4/26/20"
"JoJo's Bizarre Adventure: Stardust Crusaders: Dio's World, Part 1","4/25/20"
"JoJo's Bizarre Adventure: Stardust Crusaders: The Miasma of the Void, Vanilla Ice, Part 3","4/25/20"
"JoJo's Bizarre Adventure: Stardust Crusaders: The Miasma of the Void, Vanilla Ice, Part 2","4/25/20"
"JoJo's Bizarre Adventure: Stardust Crusaders: The Miasma of the Void, Vanilla Ice, Part 1","4/25/20"
"JoJo's Bizarre Adventure: Stardust Crusaders: D'Arby the Player, Part 2","4/25/20"
"JoJo's Bizarre Adventure: Stardust Crusaders: D'Arby the Player, Part 1","4/25/20"
"JoJo's Bizarre Adventure: Stardust Crusaders: The Guardian of Hell, Pet Shop, Part 2","4/25/20"
"JoJo's Bizarre Adventure: Stardust Crusaders: The Guardian of Hell, Pet Shop, Part 1","4/25/20"
"JoJo's Bizarre Adventure: Stardust Crusaders: Hol Horse and Boingo, Part 2","4/25/20"
"JoJo's Bizarre Adventure: Stardust Crusaders: Hol Horse and Boingo, Part 1","4/25/20"
"JoJo's Bizarre Adventure: Stardust Crusaders: D'Arby the Gambler, Part 2","4/25/20"
"JoJo's Bizarre Adventure: Stardust Crusaders: D'Arby the Gambler, Part 1","4/25/20"
"JoJo's Bizarre Adventure: Stardust Crusaders: Set's Alessi, Part 2","4/25/20"
"JoJo's Bizarre Adventure: Stardust Crusaders: Set's Alessi, Part 1","4/25/20"
"JoJo's Bizarre Adventure: Stardust Crusaders: Bastet's Mariah, Part 2","4/25/20"
"JoJo's Bizarre Adventure: Stardust Crusaders: Bastet's Mariah, Part 1","4/25/20"
"JoJo's Bizarre Adventure: Stardust Crusaders: Anubis, Part 2","4/25/20"
"JoJo's Bizarre Adventure: Stardust Crusaders: Anubis, Part 1","4/25/20"
"JoJo's Bizarre Adventure: Stardust Crusaders: Khnum's Oingo and Thoth's Boingo","4/24/20"
"JoJo's Bizarre Adventure: Stardust Crusaders: Iggy the Fool and Geb's N'Doul, Part 2","4/24/20"
"JoJo's Bizarre Adventure: Stardust Crusaders: Iggy the Fool and Geb's N'Doul, Part 1","4/24/20"
"JoJo's Bizarre Adventure: Stardust Crusaders: High Priestess, Part 2","4/24/20"
"JoJo's Bizarre Adventure: Stardust Crusaders: High Priestess, Part 1","4/21/20"
"JoJo's Bizarre Adventure: Stardust Crusaders: Judgement, Part 2","4/20/20"
"JoJo's Bizarre Adventure: Stardust Crusaders: Judgement, Part 1","4/20/20"
"JoJo's Bizarre Adventure: Stardust Crusaders: Death 13, Part 2","4/20/20"
"JoJo's Bizarre Adventure: Stardust Crusaders: Death 13, Part 1","4/20/20"
"JoJo's Bizarre Adventure: Stardust Crusaders: The Sun","4/20/20"
"JoJo's Bizarre Adventure: Stardust Crusaders: The Lovers, Part 2","4/20/20"
"JoJo's Bizarre Adventure: Stardust Crusaders: The Lovers, Part 1","4/20/20"
"JoJo's Bizarre Adventure: Stardust Crusaders: Justice, Part 2","4/19/20"
"JoJo's Bizarre Adventure: Stardust Crusaders: Justice, Part 1","4/19/20"
"JoJo's Bizarre Adventure: Stardust Crusaders: Wheel of Fortune","4/19/20"
"JoJo's Bizarre Adventure: Stardust Crusaders: The Empress","4/19/20"
"JoJo's Bizarre Adventure: Stardust Crusaders: The Emperor and the Hanged Man, Part 2","4/19/20"
"JoJo's Bizarre Adventure: Stardust Crusaders: The Emperor and the Hanged Man, Part 1","4/19/20"
"Princess Mononoke","4/19/20"
"JoJo's Bizarre Adventure: Stardust Crusaders: Yellow Temperance","4/19/20"
"JoJo's Bizarre Adventure: Stardust Crusaders: Devil","4/19/20"
"JoJo's Bizarre Adventure: Stardust Crusaders: Strength","4/19/20"
"JoJo's Bizarre Adventure: Stardust Crusaders: Dark Blue Moon","4/19/20"
"JoJo's Bizarre Adventure: Stardust Crusaders: Silver Chariot","4/19/20"
"JoJo's Bizarre Adventure: Stardust Crusaders: Tower of Gray","4/19/20"
"JoJo's Bizarre Adventure: Stardust Crusaders: The Curse of Dio","4/19/20"
"JoJo's Bizarre Adventure: Stardust Crusaders: Who Will Be the Judge!?","4/19/20"
"JoJo's Bizarre Adventure: Stardust Crusaders: A Man Possessed by an Evil Spirit","4/19/20"
"JoJo's Bizarre Adventure: Season 1: The Ascendant One","4/18/20"
"JoJo's Bizarre Adventure: Season 1: The Birth of a Superbeing","4/18/20"
"JoJo's Bizarre Adventure: Season 1: The Ties that Bind JoJo","4/18/20"
"JoJo's Bizarre Adventure: Season 1: The Warrior Of Wind","4/18/20"
"JoJo's Bizarre Adventure: Season 1: A True Warrior","4/18/20"
"JoJo's Bizarre Adventure: Season 1: A Hundred Against Two","4/18/20"
"JoJo's Bizarre Adventure: Season 1: Young Caesar","4/18/20"
"JoJo's Bizarre Adventure: Season 1: A Race Toward the Blink","4/18/20"
"JoJo's Bizarre Adventure: Season 1: Von Stroheim's Revenge","4/18/20"
"JoJo's Bizarre Adventure: Season 1: The Deeper Plan","4/18/20"
"JoJo's Bizarre Adventure: Season 1: Lisa Lisa, Hamon Coach","4/18/20"
"JoJo's Bizarre Adventure: Season 1: A Hero's Proof","4/18/20"
"Breaking Bad: Season 4: Cornered","4/12/20"
"Breaking Bad: Season 4: Shotgun","4/12/20"
"Breaking Bad: Season 4: Bullet Points","4/12/20"
"Breaking Bad: Season 4: Open House","4/12/20"
"Breaking Bad: Season 4: Thirty-Eight Snub","4/11/20"
"Breaking Bad: Season 4: Box Cutter","4/11/20"
"Breaking Bad: Season 3: Full Measure","4/11/20"
"Breaking Bad: Season 3: Half Measures","4/11/20"
"Breaking Bad: Season 3: Abiquiu","4/11/20"
"Breaking Bad: Season 3: Fly","4/11/20"
"Breaking Bad: Season 3: Kafkaesque","4/11/20"
"Breaking Bad: Season 3: I See You","4/10/20"
"Breaking Bad: Season 3: One Minute","4/10/20"
"Breaking Bad: Season 3: Sunset","4/10/20"
"Breaking Bad: Season 3: Mas","4/10/20"
"Breaking Bad: Season 3: Green Light","4/10/20"
"Breaking Bad: Season 3: I.F.T.","4/10/20"
"Breaking Bad: Season 3: Caballo Sin Nombre","4/9/20"
"Breaking Bad: Season 3: No Más","4/9/20"
"Breaking Bad: Season 2: ABQ","4/8/20"
"Breaking Bad: Season 2: Phoenix","4/8/20"
"Breaking Bad: Season 2: Mandala","4/8/20"
"Breaking Bad: Season 2: Over","4/8/20"
"Breaking Bad: Season 2: 4 Days Out","4/8/20"
"Breaking Bad: Season 2: Better Call Saul","4/8/20"
"Breaking Bad: Season 2: Negro y Azul","4/8/20"
"Breaking Bad: Season 2: Peekaboo","4/7/20"
"Breaking Bad: Season 2: Breakage","4/7/20"
"Breaking Bad: Season 2: Down","4/7/20"
"Breaking Bad: Season 2: Bit by a Dead Bee","4/7/20"
"Breaking Bad: Season 2: Grilled","4/7/20"
"Breaking Bad: Season 2: Seven Thirty-Seven","4/6/20"
"Breaking Bad: Season 1: A No-Rough-Stuff-Type Deal","4/6/20"
"Breaking Bad: Season 1: Crazy Handful of Nothin'","4/6/20"
"Breaking Bad: Season 1: Gray Matter","4/6/20"
"Breaking Bad: Season 1: Cancer Man","4/5/20"
"Breaking Bad: Season 1: And the Bag's in the River","4/5/20"
"Breaking Bad: Season 1: The Cat's in the Bag","4/5/20"
"Breaking Bad: Season 1: Pilot","4/5/20"
"Howl’s Moving Castle","4/4/20"
"Violet Evergarden: Eternity and the Auto Memory Doll","4/4/20"
"Nausicaä of the Valley of the Wind","3/14/20"
"Spirited Away","3/12/20"
"Adventure Time: Season 2: The Chamber of Frozen Blades","2/26/20"
"Adventure Time: Season 2: It Came from the Nightosphere","2/26/20"
"Adventure Time: Season 1: Finn Meets His Hero","2/26/20"
"Adventure Time: Season 1: Wizard","2/26/20"
"Adventure Time: Season 1: Prisoners of Love","2/26/20"
"Adventure Time: Season 1: The Jiggler","2/26/20"
"Adventure Time: Season 1: The Enchiridion","2/26/20"
"The Witcher: Season 1: Rare Species","1/30/20"
"The Witcher: Season 1: Bottled Appetites","1/27/20"
"The Witcher: Season 1: Of Banquets, Bastards and Burials","1/27/20"
"The Witcher: Season 1: Betrayer Moon","1/23/20"
"NiNoKuni","1/23/20"
"The Witcher: Season 1: Four Marks","1/22/20"
"The Witcher: Season 1: The End’s Beginning","1/22/20"
"Rick and Morty: Season 3: The Rickchurian Mortydate","1/4/20"
"Rick and Morty: Season 4: Rattlestar Ricklactica","1/3/20"
"Rick and Morty: Season 4: Claw and Hoarder: Special Ricktim’s Morty","1/3/20"
"Rick and Morty: Season 4: One Crew over the Crewcoo’s Morty","1/3/20"
"The Disastrous Life of Saiki K.: Reawakened: Season 1: Build The Most Powerful Deck!","1/3/20"
"The Disastrous Life of Saiki K.: Reawakened: Season 1: Three Men, A Little Girl, A Police Officer and A Dog","1/3/20"
"Rick and Morty: Season 3: The Whirly Dirly Conspiracy","1/3/20"
"Devilman Crybaby: Limited Series: Beautiful Silene","12/15/19"
"Devilman Crybaby: Limited Series: Come, Akira","12/15/19"
"Teasing Master Takagi-san: Season 2: Episode 12","12/14/19"
"Teasing Master Takagi-san: Season 2: Episode 11","12/14/19"
"Teasing Master Takagi-san: Season 2: Episode 10","12/14/19"
"Teasing Master Takagi-san: Season 2: Episode 9","12/14/19"
"Teasing Master Takagi-san: Season 2: Episode 8","12/14/19"
"Teasing Master Takagi-san: Season 2: Episode 7","12/14/19"
"Teasing Master Takagi-san: Season 2: Episode 6","12/14/19"
"Teasing Master Takagi-san: Season 2: Episode 5","12/14/19"
"Teasing Master Takagi-san: Season 2: Episode 4","12/14/19"
"Teasing Master Takagi-san: Season 2: Episode 3","12/14/19"
"Teasing Master Takagi-san: Season 2: Episode 2","12/14/19"
"The Dragon Prince: Season 1: Echoes of Thunder","12/14/19"
"One-Punch Man: Season 1: The Strongest Man","12/10/19"
"Teasing Master Takagi-san: Season 2: Episode 1","12/10/19"
"One-Punch Man: Season 1: The Strongest Hero","12/3/19"
"One-Punch Man: Season 1: The Dominator of the Universe","12/3/19"
"One-Punch Man: Season 1: Unparalleled Peril","12/3/19"
"One-Punch Man: Season 1: Unyielding Justice","12/3/19"
"One-Punch Man: Season 1: The Deep Sea King","12/3/19"
"One-Punch Man: Season 1: The Ultimate Disciple","12/3/19"
"One-Punch Man: Season 1: The Terrifying City","12/3/19"
"One-Punch Man: Season 1: The Ultimate Mentor","11/22/19"
"One-Punch Man: Season 1: The Modern Ninja","11/22/19"
"One-Punch Man: Season 1: The Obsessive Scientist","11/22/19"
"One-Punch Man: Season 1: The Lone Cyborg","11/20/19"
"Peaky Blinders: Season 1: Episode 2","11/12/19"
"Peaky Blinders: Season 1: Episode 1","11/12/19"
"Fullmetal Alchemist: Brotherhood: Part 1: Fullmetal Alchemist","11/12/19"
"Case Closed: Collection: Metropolitan Police Detective Love Story: Confessions","11/9/19"
"Fullmetal Alchemist: Season 1: The Flame Alchemist, The Bachelor Lieutenant, and the Mystery of Warehouse 13","10/29/19"
"Fullmetal Alchemist: Season 1: The Sinner Within","10/29/19"
"BLAME!","10/28/19"
"Fullmetal Alchemist: Season 1: Reunion of the Fallen","10/27/19"
"Fullmetal Alchemist: Season 1: Theory of Avarice","10/24/19"
"Fullmetal Alchemist: Season 1: Al, Captured","10/24/19"
"Fullmetal Alchemist: Season 1: Dante of the Deep Forest","10/24/19"
"Fullmetal Alchemist: Season 1: Sin","10/24/19"
"Fullmetal Alchemist: Season 1: Assault on South Headquarters","10/24/19"
"Fullmetal Alchemist: Season 1: The Untainted Child","10/24/19"
"Fullmetal Alchemist: Season 1: All Is One, One Is All","10/22/19"
"Fullmetal Alchemist: Season 1: Teacher","10/21/19"
"Fullmetal Alchemist: Season 1: Her Reason","10/21/19"
"Fullmetal Alchemist: Season 1: Words of Farewell","10/21/19"
"Fullmetal Alchemist: Season 1: Bonding Memories","10/21/19"
"South Park: Season 20: Member Berries","10/20/19"
"South Park: Season 1: Cartman Gets an Anal Probe","10/20/19"
"March Comes in Like a Lion: Season 1: Episode 2","10/20/19"
"March Comes in Like a Lion: Season 1: Episode 1","10/20/19"
"DRAGON PILOT: Hisone & Masotan: Season 1: It is insane","10/19/19"
"DRAGON PILOT: Hisone & Masotan: Season 1: I name the dragon Masotan","10/19/19"
"Anohana: The Flower We Saw That Day: Season 1: Episode 11","10/19/19"
"Anohana: The Flower We Saw That Day: Season 1: Episode 10","10/19/19"
"Anohana: The Flower We Saw That Day: Season 1: Episode 9","10/18/19"
"Anohana: The Flower We Saw That Day: Season 1: Episode 8","10/18/19"
"Fullmetal Alchemist: Season 1: Fullmetal Heart","10/18/19"
"Anohana: The Flower We Saw That Day: Season 1: Episode 7","10/18/19"
"Anohana: The Flower We Saw That Day: Season 1: Episode 6","10/17/19"
"Anohana: The Flower We Saw That Day: Season 1: Episode 5","10/17/19"
"Anohana: The Flower We Saw That Day: Season 1: Episode 4","10/17/19"
"Anohana: The Flower We Saw That Day: Season 1: Episode 3","10/17/19"
"Anohana: The Flower We Saw That Day: Season 1: Episode 2","10/17/19"
"Anohana: The Flower We Saw That Day: Season 1: Episode 1","10/16/19"
"Fullmetal Alchemist: Season 1: Created Human","10/16/19"
"Fullmetal Alchemist: Season 1: The Red Glow","10/16/19"
"Fullmetal Alchemist: Season 1: Soul of the Guardian","10/13/19"
"Fullmetal Alchemist: Season 1: The Truth Behind Truths","10/12/19"
"CAROLE & TUESDAY: Part 1: True Colors","10/12/19"
"Fullmetal Alchemist: Season 1: Marcoh's Notes","10/12/19"
"Fullmetal Alchemist: Season 1: House of the Waiting Family","10/12/19"
"Fullmetal Alchemist: Season 1: That Which Is Lost","10/1/19"
"Fullmetal Alchemist: Season 1: The Ishbal Massacre","10/1/19"
"Fullmetal Alchemist: Season 1: Destruction's Right Hand","9/30/19"
"Fullmetal Alchemist: Season 1: Fullmetal vs. Flame","9/30/19"
"Fullmetal Alchemist: Season 1: The Other Brothers Elric: Part 2","9/28/19"
"Fullmetal Alchemist: Season 1: The Other Brothers Elric: Part 1","9/28/19"
"Fullmetal Alchemist: Season 1: The Phantom Thief","9/28/19"
"Fullmetal Alchemist: Season 1: Be Thou for the People","9/28/19"
"Fullmetal Alchemist: Season 1: The Philosopher's Stone","9/28/19"
"Fullmetal Alchemist: Season 1: Night of the Chimera's Cry","9/28/19"
"Fullmetal Alchemist: Season 1: The Alchemy Exam","9/25/19"
"Fullmetal Alchemist: Season 1: The Man with the Mechanical Arm","9/24/19"
"Fullmetal Alchemist: Season 1: A Forger's Love","9/24/19"
"Fullmetal Alchemist: Season 1: Mother","9/24/19"
"Fullmetal Alchemist: Season 1: Body of the Sanctioned","9/24/19"
"Fullmetal Alchemist: Season 1: Those Who Challenge the Sun","9/24/19"
"JoJo's Bizarre Adventure: Season 1: Ultimate Warriors from Ancient Times","8/12/19"
"JoJo's Bizarre Adventure: Season 1: JoJo vs. The Ultimate Lifeform","8/12/19"
"The Fate of the Furious","7/31/19"
"Rush Hour 3","7/28/19"
"Minecraft: Story Mode: Season 1: Assembly Required","7/28/19"
"Journey 2: The Mysterious Island","7/28/19"
"Hancock","7/28/19"
"The Disastrous Life of Saiki K.: Season 2: Episode 2","7/12/19"
"The Disastrous Life of Saiki K.: Season 2: Episode 1","7/12/19"
"Erased: Season 1: Treasure","7/12/19"
"Erased: Season 1: Future","7/12/19"
"Erased: Season 1: Joy","7/12/19"
"Erased: Season 1: Closure","7/12/19"
"Erased: Season 1: Spiral","7/12/19"
"Erased: Season 1: Out of Control","7/12/19"
"Erased: Season 1: Grim Reaper","7/12/19"
"Erased: Season 1: Getaway","7/11/19"
"Erased: Season 1: Accomplishment","7/11/19"
"Erased: Season 1: Birthmark","7/11/19"
"Erased: Season 1: Palm of the Hand","7/11/19"
"Erased: Season 1: Flashing Before My Eyes","7/11/19"
"The Disastrous Life of Saiki K.: Season 1: Episode 24","7/9/19"
"The Disastrous Life of Saiki K.: Season 1: Episode 23","7/9/19"
"The Disastrous Life of Saiki K.: Season 1: Episode 22","7/9/19"
"Forest of Piano: Season 1: Chosen One","6/25/19"
"EVANGELION: DEATH (TRUE)²","6/22/19"
"The End of Evangelion","6/22/19"
"Neon Genesis Evangelion: Season 1: The Beast That Shouted 'I' at the Heart of the World","6/22/19"
"Neon Genesis Evangelion: Season 1: The Ending World","6/22/19"
"Neon Genesis Evangelion: Season 1: The Last Cometh","6/22/19"
"Neon Genesis Evangelion: Season 1: Tears","6/22/19"
"Neon Genesis Evangelion: Season 1: Staying Human","6/22/19"
"Neon Genesis Evangelion: Season 1: The Birth of Nerv","6/22/19"
"Neon Genesis Evangelion: Season 1: Of the Shapes of Hearts and Humans","6/22/19"
"Neon Genesis Evangelion: Season 1: A Man’s Battle","6/22/19"
"Neon Genesis Evangelion: Season 1: Life and Death Decisions","6/22/19"
"Neon Genesis Evangelion: Season 1: The Fourth to be Qualified","6/22/19"
"Neon Genesis Evangelion: Season 1: The Sickness unto Death, and Then…","6/22/19"
"Neon Genesis Evangelion: Season 1: Lies and Silence","6/22/19"
"Neon Genesis Evangelion: Season 1: Seele, the Seat of the Soul","6/22/19"
"Neon Genesis Evangelion: Season 1: Angel Infiltration","6/22/19"
"Neon Genesis Evangelion: Season 1: A Miracle’s Worth","6/22/19"
"Neon Genesis Evangelion: Season 1: In the Still Darkness","6/22/19"
"Neon Genesis Evangelion: Season 1: The Magma Diver","6/22/19"
"Neon Genesis Evangelion: Season 1: Mind, Matching, Moment","6/22/19"
"Neon Genesis Evangelion: Season 1: Asuka Arrives in Japan","6/22/19"
"Neon Genesis Evangelion: Season 1: The Works of Man","6/22/19"
"Neon Genesis Evangelion: Season 1: Showdown in Tokyo-3","6/22/19"
"Neon Genesis Evangelion: Season 1: Rei, Beyond the Heart","6/22/19"
"Neon Genesis Evangelion: Season 1: Rain, After Running Away","6/22/19"
"Neon Genesis Evangelion: Season 1: The Silent Phone","6/22/19"
"Neon Genesis Evangelion: Season 1: Unfamiliar Ceilings","6/21/19"
"Neon Genesis Evangelion: Season 1: Angel Attack","6/21/19"
"Fate/stay night: Unlimited Blade Works: Part 2: Epilogue","6/21/19"
"Fate/stay night: Unlimited Blade Works: Part 2: Unlimited Blade Works","6/21/19"
"Fate/stay night: Unlimited Blade Works: Part 2: Incarnation","6/21/19"
"Fate/stay night: Unlimited Blade Works: Part 2: Winter Days, A Long Way Home","6/21/19"
"Fate/stay night: Unlimited Blade Works: Part 2: Answer","6/21/19"
"Fate/stay night: Unlimited Blade Works: Part 2: Unlimited Blade Works","6/21/19"
"Fate/stay night: Unlimited Blade Works: Part 2: Idealism’s End (The Answer)","6/21/19"
"Fate/stay night: Unlimited Blade Works: Part 2: The Beginning of the Circle","6/21/19"
"Fate/stay night: Unlimited Blade Works: Part 2: The Dark Sword Bares Its Fangs","6/21/19"
"Fate/stay night: Unlimited Blade Works: Part 2: Winter Days, The Form Wishes Take","6/21/19"
"Fate/stay night: Unlimited Blade Works: Part 2: A Battle of Legend","6/21/19"
"Fate/stay night: Unlimited Blade Works: Part 2: The Princess of Colchis","6/21/19"
"Fate/stay night: Unlimited Blade Works: Part 2: Time of Departure","6/21/19"
"Fate/stay night: Unlimited Blade Works: Part 1: The Final Decision","6/21/19"
"Fate/stay night: Unlimited Blade Works: Part 1: A Visitor Approaches Lightly","6/21/19"
"Fate/stay night: Unlimited Blade Works: Part 1: The Fifth Contractor","6/21/19"
"Fate/stay night: Unlimited Blade Works: Part 1: The Distance Between Them","6/21/19"
"Fate/stay night: Unlimited Blade Works: Part 1: Winter Days, Where the Heart Is","6/21/19"
"Fate/stay night: Unlimited Blade Works: Part 1: The Reward for the Fight to the Death","6/21/19"
"Fate/stay night: Unlimited Blade Works: Part 1: Mirage","6/21/19"
"Fate/stay night: Unlimited Blade Works: Part 1: Dancing After School","6/21/19"
"Fate/stay night: Unlimited Blade Works: Part 1: Finding the Will to Fight","6/21/19"
"Fate/stay night: Unlimited Blade Works: Part 1: The First Battle","6/21/19"
"Fate/stay night: Unlimited Blade Works: Part 1: The Curtain Goes Up","6/21/19"
"Fate/stay night: Unlimited Blade Works: Part 1: Winter Days, A Fateful Night","6/21/19"
"Fate/stay night: Unlimited Blade Works: Part 1: Prologue","6/21/19"
"Fate/Zero: Season 2: Fate/Zero","6/20/19"
"Fate/Zero: Season 2: The Last Command Seal","6/20/19"
"Fate/Zero: Season 2: The Sea at the End of the World","6/20/19"
"Fifty Shades of Black","6/11/19"
"Code Geass: Lelouch of the Rebellion: Season 1: Episode 1","6/10/19"
"The Last Airbender","6/9/19"
"Fate/Apocrypha: Part 1: Apocrypha: The Great Holy Grail War","6/9/19"
"Violet Evergarden: Special: Extra Episode: Episode 1","6/9/19"
"Violet Evergarden: Season 1: Episode 13","6/9/19"
"Violet Evergarden: Season 1: Episode 12","6/8/19"
"Violet Evergarden: Season 1: Episode 11","6/8/19"
"Violet Evergarden: Season 1: Episode 10","6/8/19"
"Violet Evergarden: Season 1: Episode 9","6/8/19"
"Violet Evergarden: Season 1: Episode 8","6/8/19"
"Violet Evergarden: Season 1: Episode 7","6/8/19"
"Violet Evergarden: Season 1: Episode 6","6/8/19"
"Violet Evergarden: Season 1: Episode 5","6/8/19"
"Violet Evergarden: Season 1: Episode 4","6/8/19"
"Violet Evergarden: Season 1: Episode 3","6/8/19"
"Violet Evergarden: Season 1: Episode 2","6/8/19"
"Violet Evergarden: Season 1: Episode 1","6/8/19"
"Flavors of Youth: International Version","6/8/19"
"Ben 10: Season 3: Game Over","6/7/19"
"Your lie in April: Season 1: Spring Wind","6/7/19"
"Your lie in April: Season 1: Snow","6/7/19"
"Your lie in April: Season 1: Hand In Hand","6/7/19"
"Your lie in April: Season 1: Goodbye, Hero","6/7/19"
"Your lie in April: Season 1: Hearts Come Together","6/6/19"
"Your lie in April: Season 1: Twilight","6/6/19"
"Your lie in April: Season 1: Two Of a Kind","6/6/19"
"Your lie in April: Season 1: Liar","6/6/19"
"Your lie in April: Season 1: Footsteps","6/6/19"
"Your lie in April: Season 1: Love's Sorrow","6/6/19"
"Your lie in April: Season 1: Twinkle Little Star","6/6/19"
"Your lie in April: Season 1: Light Of Life","6/6/19"
"Your lie in April: Season 1: The Scenery I Shared With You","6/6/19"
"Your lie in April: Season 1: Resonance","6/6/19"
"Your lie in April: Season 1: Let It Ring","6/6/19"
"Your lie in April: Season 1: The Shadow Whispers","6/6/19"
"Your lie in April: Season 1: On The Way Home","6/6/19"
"Your lie in April: Season 1: Cloudy Skies","6/6/19"
"Your lie in April: Season 1: The Journey","6/6/19"
"Your lie in April: Season 1: Inside Spring","6/6/19"
"Your lie in April: Season 1: Friend A","6/6/19"
"Your lie in April: Season 1: Monotone/Colorful","6/6/19"
"Yu-Gi-Oh!: Season 1: Episode 1","6/5/19"
"Fullmetal Alchemist: Brotherhood: Part 5: Journey's End","6/5/19"
"Fullmetal Alchemist: Brotherhood: Part 5: The Other Side of the Gateway","6/5/19"
"Fullmetal Alchemist: Brotherhood: Part 5: A Fierce Counterattack","6/5/19"
"Fullmetal Alchemist: Brotherhood: Part 5: He Who Would Swallow God","6/5/19"
"Fullmetal Alchemist: Brotherhood: Part 5: Eye of Heaven, Gateway of Earth","6/4/19"
"Fullmetal Alchemist: Brotherhood: Part 5: Lost Light","6/4/19"
"Fullmetal Alchemist: Brotherhood: Part 5: Sacrifices","6/4/19"
"Fullmetal Alchemist: Brotherhood: Part 5: Eternal Leave","6/4/19"
"Fullmetal Alchemist: Brotherhood: Part 5: The Return of the Fuhrer","6/4/19"
"Fullmetal Alchemist: Brotherhood: Part 5: The Adults' Way of Life","6/4/19"
"Fullmetal Alchemist: Brotherhood: Part 5: Beyond the Inferno","6/4/19"
"Fullmetal Alchemist: Brotherhood: Part 5: Flame of Vengeance","6/4/19"
"Fullmetal Alchemist: Brotherhood: Part 4: Combined Strength","6/3/19"
"Fullmetal Alchemist: Brotherhood: Part 4: The Immortal Legion","6/3/19"
"Fullmetal Alchemist: Brotherhood: Part 4: Upheaval in Central","6/3/19"
"Fullmetal Alchemist: Brotherhood: Part 4: Filial Affection","6/3/19"
"Fullmetal Alchemist: Brotherhood: Part 4: The Oath in the Tunnel","6/2/19"
"Fullmetal Alchemist: Brotherhood: Part 4: Emissary of Darkness","6/2/19"
"Fullmetal Alchemist: Brotherhood: Part 4: Looming Shadows","6/2/19"
"Fullmetal Alchemist: Brotherhood: Part 4: The Promised Day","6/2/19"
"Fullmetal Alchemist: Brotherhood: Part 4: Revving at Full-throttle","6/2/19"
"Fullmetal Alchemist: Brotherhood: Part 4: Bite of the Ant","6/2/19"
"Star Wars: The Clone Wars: Season 1: Ambush","6/2/19"
"Fullmetal Alchemist: Brotherhood: Part 4: Signs of a Counter Offensive","5/31/19"
"Fullmetal Alchemist: Brotherhood: Part 4: The Abyss","5/31/19"
"Fullmetal Alchemist: Brotherhood: Part 4: The Dwarf in the Flask","5/31/19"
"Fullmetal Alchemist: Brotherhood: Part 3: Daydream","5/31/19"
"Fullmetal Alchemist: Brotherhood: Part 3: Conflict at Baschool","5/31/19"
"Fullmetal Alchemist: Brotherhood: Part 3: The First Homunculus","5/31/19"
"Fullmetal Alchemist: Brotherhood: Part 3: Family Portrait","5/31/19"
"Fullmetal Alchemist: Brotherhood: Part 3: The Shape of This Country","5/31/19"
"Fullmetal Alchemist: Brotherhood: Part 3: Ice Queen","5/30/19"
"Fullmetal Alchemist: Brotherhood: Part 3: The Northern Wall of Briggs","5/30/19"
"Fullmetal Alchemist: Brotherhood: Part 3: The Fuhrer's Son","5/30/19"
"revisions: Season 1: Shibuya Transported","5/30/19"
"Fullmetal Alchemist: Brotherhood: Part 3: The 520 Cens Promise","5/30/19"
"Fullmetal Alchemist: Brotherhood: Part 3: The Ishvalan War of Extermination","5/30/19"
"Fullmetal Alchemist: Brotherhood: Part 3: Struggle of the Fool","5/30/19"
"Fullmetal Alchemist: Brotherhood: Part 3: Father","5/30/19"
"Fullmetal Alchemist: Brotherhood: Part 3: Interlude Party","5/30/19"
"Fullmetal Alchemist: Brotherhood: Part 2: Reunion","5/30/19"
"Fullmetal Alchemist: Brotherhood: Part 2: Doorway of Darkness","5/30/19"
"Fullmetal Alchemist: Brotherhood: Part 2: Inside the Belly","5/30/19"
"Fullmetal Alchemist: Brotherhood: Part 2: Girl on the Battlefield","5/30/19"
"Fullmetal Alchemist: Brotherhood: Part 2: Backs in the Distance","5/30/19"
"Fullmetal Alchemist: Brotherhood: Part 2: Advance of the Fool","5/30/19"
"Fullmetal Alchemist: Brotherhood: Part 2: Father Before the Grave","5/30/19"
"Fullmetal Alchemist: Brotherhood: Part 2: Death of the Undying","5/30/19"
"Fullmetal Alchemist: Brotherhood: Part 2: The Arrogant Palm of a Small Human","5/30/19"
"Fullmetal Alchemist: Brotherhood: Part 2: Cold Flame","5/30/19"
"Fullmetal Alchemist: Brotherhood: Part 2: Footsteps of a Comrade-in-Arms","5/30/19"
"Fullmetal Alchemist: Brotherhood: Part 2: Envoy from the East","5/30/19"
"Fullmetal Alchemist: Brotherhood: Part 2: Those Who Lurk Underground","5/30/19"
"Fullmetal Alchemist: Brotherhood: Part 1: Beasts of Dublith","5/30/19"
"Fullmetal Alchemist: Brotherhood: Part 1: One is All, All is One","5/30/19"
"Fullmetal Alchemist: Brotherhood: Part 1: Miracle at Rush Valley","5/30/19"
"Fullmetal Alchemist: Brotherhood: Part 1: Separate Destinations","5/30/19"
"Fullmetal Alchemist: Brotherhood: Part 1: Created Feelings","5/28/19"
"Fullmetal Alchemist: Brotherhood: Part 1: The Fifth Laboratory","5/28/19"
"Fullmetal Alchemist: Brotherhood: Part 1: Hidden Truths","5/28/19"
"Fullmetal Alchemist: Brotherhood: Part 1: Road of Hope","5/28/19"
"Fullmetal Alchemist: Brotherhood: Part 1: Rain of Sorrows","5/27/19"
"Fullmetal Alchemist: Brotherhood: Part 1: An Alchemist's Anguish","5/27/19"
"Fullmetal Alchemist: Brotherhood: Part 1: City of Heresy","5/27/19"
"Fullmetal Alchemist: Brotherhood: Part 1: The First Day","5/27/19"
"The Disastrous Life of Saiki K.: Season 1: Episode 21","5/24/19"
"The Disastrous Life of Saiki K.: Season 1: Episode 20","5/21/19"
"BAKI: Season 1: Part 1: Synchronicity","5/17/19"
"Devilman Crybaby: Limited Series: Believe Me!","5/13/19"
"Devilman Crybaby: Limited Series: One Hand Is Enough","5/13/19"
"Devilman Crybaby: Limited Series: I Need You","5/13/19"
"The Disastrous Life of Saiki K.: Season 3: Episode 2","5/10/19"
"The Disastrous Life of Saiki K.: Season 3: Episode 1","5/10/19"
"The Disastrous Life of Saiki K.: Season 2: Episode 24","5/10/19"
"The Disastrous Life of Saiki K.: Season 2: Episode 23","5/10/19"
"The Disastrous Life of Saiki K.: Season 2: Episode 22","5/10/19"
"The Disastrous Life of Saiki K.: Season 2: Episode 21","5/10/19"
"The Disastrous Life of Saiki K.: Season 2: Episode 20","5/10/19"
"The Disastrous Life of Saiki K.: Season 2: Episode 19","5/10/19"
"The Disastrous Life of Saiki K.: Season 2: Episode 18","5/8/19"
"The Disastrous Life of Saiki K.: Season 2: Episode 17","5/8/19"
"The Disastrous Life of Saiki K.: Season 2: Episode 16","5/8/19"
"The Disastrous Life of Saiki K.: Season 2: Episode 15","5/8/19"
"The Disastrous Life of Saiki K.: Season 2: Episode 14","5/8/19"
"The Disastrous Life of Saiki K.: Season 2: Episode 11","5/7/19"
"The Disastrous Life of Saiki K.: Season 2: Episode 10","4/25/19"
"The Disastrous Life of Saiki K.: Season 2: Episode 13","4/24/19"
"The Disastrous Life of Saiki K.: Season 2: Episode 12","4/24/19"
"The Disastrous Life of Saiki K.: Season 2: Episode 9","4/24/19"
"The Disastrous Life of Saiki K.: Season 2: Episode 8","4/24/19"
"The Disastrous Life of Saiki K.: Season 2: Episode 7","4/24/19"
"The Disastrous Life of Saiki K.: Season 2: Episode 6","4/24/19"
"The Disastrous Life of Saiki K.: Season 2: Episode 5","4/23/19"
"The Disastrous Life of Saiki K.: Season 2: Episode 4","4/23/19"
"The Disastrous Life of Saiki K.: Season 2: Episode 3","4/23/19"
"The Disastrous Life of Saiki K.: Season 1: Episode 19","4/22/19"
"The Disastrous Life of Saiki K.: Season 1: Episode 18","4/22/19"
"The Disastrous Life of Saiki K.: Season 1: Episode 17","4/22/19"
"The Disastrous Life of Saiki K.: Season 1: Episode 16","4/22/19"
"The Disastrous Life of Saiki K.: Season 1: Episode 15","4/21/19"
"The Disastrous Life of Saiki K.: Season 1: Episode 14","4/21/19"
"The Disastrous Life of Saiki K.: Season 1: Episode 13","4/20/19"
"The Disastrous Life of Saiki K.: Season 1: Episode 12","4/20/19"
"The Disastrous Life of Saiki K.: Season 1: Episode 11","4/20/19"
"The Disastrous Life of Saiki K.: Season 1: Episode 10","4/20/19"
"The Disastrous Life of Saiki K.: Season 1: Episode 9","4/18/19"
"The Disastrous Life of Saiki K.: Season 1: Episode 8","4/18/19"
"The Disastrous Life of Saiki K.: Season 1: Episode 7","4/18/19"
"The Disastrous Life of Saiki K.: Season 1: Episode 6","4/18/19"
"The Disastrous Life of Saiki K.: Season 1: Episode 5","4/18/19"
"The Disastrous Life of Saiki K.: Season 1: Episode 4","4/18/19"
"The Disastrous Life of Saiki K.: Season 1: Episode 3","4/18/19"
"The Disastrous Life of Saiki K.: Season 1: Episode 2","4/16/19"
"The Disastrous Life of Saiki K.: Season 1: Episode 1","4/16/19"
"You vs. Wild: Season 1: Operation Jungle Rescue, Pt. 1","4/15/19"
"Hi Score Girl: Season 1: ROUND 3","4/14/19"
"Hi Score Girl: Season 1: ROUND 2","4/14/19"
"Fate/Zero: Season 2: All the Evil in the World","4/14/19"
"Fate/Zero: Season 2: Knight on Two Wheels","4/14/19"
"Fate/Zero: Season 2: Return of the Assassin","4/14/19"
"Fate/Zero: Season 2: Where Justice Is Found","4/14/19"
"Fate/Zero: Season 2: Distant Memories","4/10/19"
"Fate/Zero: Season 2: The Eighth Contract","4/10/19"
"Fate/Zero: Season 2: The End of Honor","4/10/19"
"Fate/Zero: Season 2: Golden Shine","4/10/19"
"Hi Score Girl: Season 1: ROUND 1","4/9/19"
"Fate/Zero: Season 2: The Mion River Battle","4/8/19"
"Fate/Zero: Season 1: The Forbidden Feast","4/4/19"
"Fate/Zero: Season 1: The Grail Beckons","4/4/19"
"Fate/Zero: Season 1: Discussing the Grail","4/4/19"
"Fate/Zero: Season 1: Rin's Big Adventure","4/4/19"
"Fate/Zero: Season 1: Master and Servant","4/4/19"
"Fate/Zero: Season 1: The Mage-Slayer","4/4/19"
"Fate/Zero: Season 1: Dark Forest","4/4/19"
"Fate/Zero: Season 1: A Night of Schemes","4/4/19"
"Fate/Zero: Season 1: A Wicked Beast's Roar","4/4/19"
"Fate/Zero: Season 1: Spearhead","4/4/19"
"Fate/Zero: Season 1: Fuyuki City","4/4/19"
"Fate/Zero: Season 1: The Fake First Shot","4/4/19"
"Fate/Zero: Season 1: The Summoning of Heroes","4/4/19"
"Blue Exorcist: Stop, Time","4/3/19"
"Blue Exorcist: Satan's Spawn","4/3/19"
"Blue Exorcist: Truth","4/3/19"
"Blue Exorcist: Demon Hunting","4/2/19"
"Blue Exorcist: The Secret Garden","4/2/19"
"Blue Exorcist: Mask","4/2/19"
"Blue Exorcist: An Ordinary Day","4/2/19"
"Blue Exorcist: Gufu","4/2/19"
"Blue Exorcist: Temptation","4/2/19"
"Blue Exorcist: The Wager","4/2/19"
"Blue Exorcist: Act of Kindness","4/2/19"
"Blue Exorcist: A Fun Camping Trip","4/2/19"
"Blue Exorcist: Proof","4/2/19"
"Blue Exorcist: A Game of Tag","4/2/19"
"Blue Exorcist: Demon of the Deep Seas","4/2/19"
"Blue Exorcist: Black Cat","4/2/19"
"Blue Exorcist: Memories","4/2/19"
"Blue Exorcist: Now a Certain Man Was Sick...","4/2/19"
"Blue Exorcist: A Flock of Plovers","4/1/19"
"Blue Exorcist: The Phantom Chef","4/1/19"
"Blue Exorcist: A Boy from the Cursed Temple","4/1/19"
"Blue Exorcist: The Garden of Amahara","4/1/19"
"Blue Exorcist: Brothers","4/1/19"
"Blue Exorcist: Gehenna Gate","4/1/19"
"Blue Exorcist: The Devil Resides in Human Souls","4/1/19"
"Hi Score Girl: Season 1: ROUND 15","4/1/19"
"Hi Score Girl: Season 1: ROUND 14","3/31/19"
"Hi Score Girl: Season 1: ROUND 13","3/31/19"
"Hi Score Girl: Season 1: ROUND 12","3/30/19"
"Hi Score Girl: Season 1: ROUND 11","3/30/19"
"Hi Score Girl: Season 1: ROUND 10","3/30/19"
"Hi Score Girl: Season 1: ROUND 9","3/30/19"
"Hi Score Girl: Season 1: ROUND 8","3/30/19"
"Hi Score Girl: Season 1: ROUND 7","3/30/19"
"Hi Score Girl: Season 1: ROUND 6","3/30/19"
"Hi Score Girl: Season 1: ROUND 5","3/30/19"
"Hi Score Girl: Season 1: ROUND 4","3/29/19"
"Kakegurui: Episode 4","2/20/19"
"Kakegurui: Episode 3","2/20/19"
"Rick and Morty: Season 3: Vindicators 3:  The Return of Worldender","2/20/19"
"Kakegurui: Episode 2","2/15/19"
"Kakegurui: Episode 1","2/15/19"
"Charlotte: Season 1: Memories to Come","2/15/19"
"Charlotte: Season 1: Promise","2/15/19"
"Charlotte: Season 1: Charlotte","2/15/19"
"Charlotte: Season 1: Looting","2/15/19"
"Charlotte: Season 1: The World is Not in Here","2/15/19"
"Charlotte: Season 1: Encounter","2/15/19"
"Charlotte: Season 1: The End of the Exodus","2/15/19"
"Charlotte: Season 1: Happy You Did Not Notice","2/15/19"
"Charlotte: Season 1: The Sound You Heard Sometime","2/15/19"
"Charlotte: Season 1: Moment of Earnest","2/15/19"
"Charlotte: Season 1: Love and Flame","2/15/19"
"Charlotte: Season 1: Melody of Despair","2/15/19"
"Charlotte: Season 1: I Think About Others","2/15/19"
"Angel Beats!: Season 1: Stairway to Heaven","2/15/19"
"Angel Beats!: Season 1: Graduation","2/15/19"
"Angel Beats!: Season 1: Knocking on Heaven's Door","2/15/19"
"Angel Beats!: Season 1: Change the World","2/15/19"
"Angel Beats!: Season 1: Goodbye Days","2/15/19"
"Angel Beats!: Season 1: In Your Memory","2/15/19"
"Angel Beats!: Season 1: Dancer in the Dark","2/15/19"
"Angel Beats!: Season 1: Alive","2/15/19"
"Angel Beats!: Season 1: Family Affair","2/15/19"
"Angel Beats!: Season 1: Favorite Flavor","2/15/19"
"Angel Beats!: Season 1: Day Game","2/14/19"
"Angel Beats!: Season 1: My Song","2/14/19"
"Angel Beats!: Season 1: Guild","2/14/19"
"Angel Beats!: Season 1: Departure","2/14/19"
"Toradora!: Season 1: Toradora!","2/12/19"
"Toradora!: Season 1: Confession","2/12/19"
"Toradora!: Season 1: Path to Take","2/12/19"
"Toradora!: Season 1: When You're Around","2/12/19"
"Toradora!: Season 1: Can't Help Myself","2/12/19"
"Toradora!: Season 1: Stay Like This Forever","2/12/19"
"Toradora!: Season 1: Christmas Eve Party","2/12/19"
"Toradora!: Season 1: Underneath the Fir Tree","2/11/19"
"Toradora!: Season 1: Mercury is Retrograde at Christmas","2/11/19"
"Toradora!: Season 1: One Step Forward","2/11/19"
"Toradora!: Season 1: Distant Star","2/11/19"
"Toradora!: Season 1: Palm-top Tiger of Happiness","2/11/19"
"Toradora!: Season 1: Ōhashi High School Cultural Festival 3","2/11/19"
"Toradora!: Season 1: Ōhashi High School Cultural Festival 2","2/11/19"
"Toradora!: Season 1: Ōhashi High School Cultural Festival 1","2/11/19"
"Toradora!: Season 1: Fireworks","2/11/19"
"Toradora!: Season 1: When You Go to the Sea","2/11/19"
"Toradora!: Season 1: Who Is This For?","2/11/19"
"Toradora!: Season 1: Pool's Open","2/11/19"
"Toradora!: Season 1: True Self","2/11/19"
"Toradora!: Season 1: Kawashima Ami","2/11/19"
"Toradora!: Season 1: That Look You Had","2/11/19"
"Toradora!: Season 1: Your Song","2/11/19"
"Toradora!: Season 1: Taiga and Ryuji","2/11/19"
"Toradora!: Season 1: Tiger and Dragon","2/11/19"
"The Lord of the Rings: The Fellowship of the Ring","2/10/19"
"DEATH NOTE: Season 1: New World","2/9/19"
"DEATH NOTE: Season 1: 1.28","2/9/19"
"DEATH NOTE: Season 1: Malice","2/9/19"
"DEATH NOTE: Season 1: Vigilance","2/9/19"
"DEATH NOTE: Season 1: Scorn","2/9/19"
"DEATH NOTE: Season 1: Selection","2/9/19"
"DEATH NOTE: Season 1: Transfer","2/9/19"
"DEATH NOTE: Season 1: Justice","2/9/19"
"The Seven Deadly Sins the Movie: Prisoners of the Sky","2/5/19"
"The Seven Deadly Sins: Revival of The Commandments: So Long As You're Here","2/4/19"
"The Seven Deadly Sins: Revival of The Commandments: The Hero Rises!!","2/4/19"
"The Seven Deadly Sins: Revival of The Commandments: Return of the Sins","2/4/19"
"The Seven Deadly Sins: Revival of The Commandments: Certain Warmth","2/4/19"
"The Seven Deadly Sins: Revival of The Commandments: Have Hope","2/4/19"
"The Seven Deadly Sins: Revival of The Commandments: Meliodas vs.The Ten Commandments","2/4/19"
"The Seven Deadly Sins: Revival of The Commandments: For Whom Does That Light Shine?","2/4/19"
"The Seven Deadly Sins: Revival of The Commandments: Legendary Figures","2/4/19"
"The Seven Deadly Sins: Revival of The Commandments: Death-Trap Maze","2/4/19"
"The Seven Deadly Sins: Revival of The Commandments: A Bloodcurdling Confession","2/4/19"
"The Seven Deadly Sins: Revival of The Commandments: Master of the Sun","2/4/19"
"The Seven Deadly Sins: Revival of The Commandments: Farewell, Beloved Thief","2/4/19"
"The Seven Deadly Sins: Revival of The Commandments: Where Love Is Found","2/4/19"
"The Seven Deadly Sins: Revival of The Commandments: Father & Son","2/2/19"
"The Seven Deadly Sins: Revival of The Commandments: What We Lacked","2/2/19"
"The Seven Deadly Sins: Revival of The Commandments: A Promise To A Loved One","2/2/19"
"The Seven Deadly Sins: Revival of The Commandments: The Druids' Holy Land","2/2/19"
"The Seven Deadly Sins: Revival of The Commandments: Where Memories Lead","2/1/19"
"The Seven Deadly Sins: Revival of The Commandments: The Chief Holy Knight Atones For His Sins","2/1/19"
"The Seven Deadly Sins: Revival of The Commandments: Overwhelming Violence","2/1/19"
"The Seven Deadly Sins: Revival of The Commandments: The Ten Commandments on the Move","2/1/19"
"The Seven Deadly Sins: Revival of The Commandments: The Sacred Treasure Lostvayne","2/1/19"
"The Seven Deadly Sins: Revival of The Commandments: Existence & Proof","2/1/19"
"The Seven Deadly Sins: Revival of The Commandments: Revival of the Demon Clan","2/1/19"
"The Seven Deadly Sins: Signs of Holy War: The Shape of Love","2/1/19"
"The Seven Deadly Sins: Signs of Holy War: In Pursuit of First Love","2/1/19"
"The Seven Deadly Sins: Signs of Holy War: Our Fighting Festival","2/1/19"
"The Seven Deadly Sins: Signs of Holy War: The Dark Dream Begins","2/1/19"
"The Seven Deadly Sins: The Heroes","2/1/19"
"The Seven Deadly Sins: Despair Descends","2/1/19"
"The Seven Deadly Sins: What I Can Do For You","2/1/19"
"The Seven Deadly Sins: The Looming Threat","2/1/19"
"The Seven Deadly Sins: The Courage Charm","2/1/19"
"The Seven Deadly Sins: The Fairy King Waits In Vain","2/1/19"
"The Seven Deadly Sins: Even If It Costs Me My Life","2/1/19"
"The Seven Deadly Sins: The First Sacrifice","2/1/19"
"The Seven Deadly Sins: The Legends, Provoked","2/1/19"
"The Seven Deadly Sins: Unholy Knight","2/1/19"
"The Seven Deadly Sins: A Reader of Books","2/1/19"
"The Seven Deadly Sins: The Angel of Destruction","2/1/19"
"The Seven Deadly Sins: Bloodcurdling Canon","2/1/19"
"The Seven Deadly Sins: Pent-up Feelings","1/31/19"
"The Seven Deadly Sins: The Vaizel Fighting Festival","1/31/19"
"The Seven Deadly Sins: Dark Pulse","1/31/19"
"The Seven Deadly Sins: The Fearsome Pursuer","1/31/19"
"The Seven Deadly Sins: A Touching Reunion","1/31/19"
"The Seven Deadly Sins: The Poem of Beginnings","1/31/19"
"The Seven Deadly Sins: Even if You Should Die","1/31/19"
"The Seven Deadly Sins: A Little Girl's Dream","1/31/19"
"The Seven Deadly Sins: The Sin in the Sleeping Forest","1/31/19"
"The Seven Deadly Sins: The Sword of the Holy Knight","1/31/19"
"Rick and Morty: Season 3: Morty's Mind Blowers","1/31/19"
"Pokémon The Series: Indigo League: Season 1: Pokémon - I Choose You!","1/29/19"
"Sword Art Online the Movie: Ordinal Scale","1/28/19"
"Sword Art Online: The World Seed","1/27/19"
"Sword Art Online: Sword Art Online II: Mother's Rosario","1/27/19"
"Sword Art Online: Sword Art Online II: The Dream Begins","1/27/19"
"Sword Art Online: Sword Art Online II: The End of the Journey","1/27/19"
"Sword Art Online: Sword Art Online II: The Monument of the Swordsmen","1/27/19"
"Sword Art Online: Sword Art Online II: Sleeping Knights","1/27/19"
"Sword Art Online: Sword Art Online II: Zekken","1/27/19"
"Sword Art Online: Sword Art Online II: House in the Forest","1/27/19"
"Sword Art Online: Sword Art Online II: Excalibur","1/27/19"
"Sword Art Online: Sword Art Online II: King of the Giants","1/27/19"
"Sword Art Online: Sword Art Online II: Queen of the Lake","1/26/19"
"Sword Art Online: Sword Art Online II: One Small Step","1/26/19"
"Sword Art Online: Sword Art Online II: Phantom Bullet","1/26/19"
"Sword Art Online: Sword Art Online II: Bullet of a Phantom","1/26/19"
"Sword Art Online: Sword Art Online II: What It Means to Be Strong","1/26/19"
"Sword Art Online: Sword Art Online II: Death Chaser","1/26/19"
"Sword Art Online: Sword Art Online II: Death Gun","1/26/19"
"Sword Art Online: Sword Art Online II: Bullet of Bullets","1/26/19"
"Sword Art Online: Sword Art Online II: Crimson Memories","1/26/19"
"Sword Art Online: Sword Art Online II: Showdown in the Wilderness","1/26/19"
"Sword Art Online: Sword Art Online II: Guns and Swords","1/26/19"
"Sword Art Online: Sword Art Online II: GGO","1/26/19"
"Sword Art Online: Sword Art Online II: Memories of Fresh Blood","1/26/19"
"Sword Art Online: Sword Art Online II: Cold-Hearted Sniper","1/26/19"
"Sword Art Online: Sword Art Online II: The World of Guns","1/26/19"
"Sword Art Online: Return","1/25/19"
"Sword Art Online: The End of the World","1/25/19"
"Sword Art Online: Edge of Hell's Abyss","1/25/19"
"Castlevania: Season 2: Old Homes","1/25/19"
"Sword Art Online: Yui's Heart","1/25/19"
"Castlevania: Season 2: War Council","1/25/19"
"Castlevania: Season 1: Necropolis","1/25/19"
"The Seven Deadly Sins: The Seven Deadly Sins","1/25/19"
"Sword Art Online: The Girl of Morning Dew","1/25/19"
"Sword Art Online: Crimson Killing Intent","1/24/19"
"Sword Art Online: The Blue-Eyed Demon","1/24/19"
"Sword Art Online: The Sword Dance of Black and White","1/24/19"
"Sword Art Online: The Temperature of the Heart","1/24/19"
"Sword Art Online: Illusionary Avenger","1/24/19"
"Sword Art Online: Murder in the Safe Zone","1/24/19"
"Sword Art Online: The Black Swordsman","1/24/19"
"Sword Art Online: The Red-Nosed Reindeer","1/24/19"
"Sword Art Online: Beater","1/24/19"
"Minecraft: Story Mode: Season 1: The Order of the Stone","1/24/19"
"Sword Art Online: The World of Swords","1/24/19"
"Sword Art Online: Gilded Hero","1/24/19"
"Sword Art Online: Bonds","1/24/19"
"Sword Art Online: The Grand Quest","1/24/19"
"Sword Art Online: The Truth About Alfheim","1/24/19"
"Sword Art Online: General of the Blazing Flame","1/24/19"
"Sword Art Online: The Legrue Corridor","1/24/19"
"Sword Art Online: To the World Tree","1/24/19"
"Sword Art Online: Captive Queen","1/24/19"
"Sword Art Online: Land of the Fairies","1/23/19"
"DEATH NOTE: Season 1: Father","1/15/19"
"DEATH NOTE: Season 1: Impatience","1/15/19"
"DEATH NOTE: Season 1: Abduction","1/15/19"
"DEATH NOTE: Season 1: Renewal","1/15/19"
"DEATH NOTE: Season 1: Silence","1/15/19"
"DEATH NOTE: Season 1: Revival","1/15/19"
"DEATH NOTE: Season 1: Frenzy","1/15/19"
"DEATH NOTE: Season 1: Guidance","1/15/19"
"AJIN: Demi-Human: Season 1: But when it comes down to it, you still want them to help you... You’re the worst kind of trash…","1/15/19"
"DEATH NOTE: Season 1: Performance","1/14/19"
"DEATH NOTE: Season 1: Makeshift","1/14/19"
"DEATH NOTE: Season 1: Matsuda","1/14/19"
"DEATH NOTE: Season 1: Wager","12/26/18"
"John Wick: Chapter 2","12/15/18"
"The Mask","12/15/18"
"Rick and Morty: Season 2: The Ricks Must Be Crazy","10/31/18"
"Disenchantment: Part 1: A Princess, an Elf, and a Demon Walk Into a Bar","8/27/18"
"Rick and Morty: Season 2: Get Schwifty","8/27/18"
"Pirates of the Caribbean: Dead Men Tell No Tales","8/16/18"
"Rick and Morty: Season 2: Total Rickall","8/15/18"
"Rick and Morty: Season 2: Auto Erotic Assimilation","8/15/18"
"Rick and Morty: Season 2: Mortynight Run","8/15/18"
"Money Heist: Part 1: Episode 13","8/15/18"
"AJIN: Demi-Human: Season 1: Have you ever seen a black ghost?","7/16/18"
"AJIN: Demi-Human: Season 1: Maybe this is the end?","7/16/18"
"Money Heist: Part 1: Episode 12","7/15/18"
"AJIN: Demi-Human: Season 1: Why is this happening? Why me….","7/15/18"
"AJIN: Demi-Human: Season 1: What's that stuff have to do with us?","7/15/18"
"Money Heist: Part 1: Episode 11","7/13/18"
"Money Heist: Part 1: Episode 10","7/4/18"
"Money Heist: Part 1: Episode 9","7/4/18"
"Money Heist: Part 1: Episode 8","7/4/18"
"Money Heist: Part 1: Episode 7","7/4/18"
"Money Heist: Part 1: Episode 6","7/4/18"
"Money Heist: Part 1: Episode 5","7/3/18"
"Money Heist: Part 1: Episode 4","7/3/18"
"Money Heist: Part 1: Episode 3","7/3/18"
"Money Heist: Part 1: Episode 2","7/3/18"
"Money Heist: Part 1: Episode 1","6/29/18"
"Now You See Me 2","5/25/18"
"Black Mirror: Season 3: Playtest","5/21/18"
"The Crown: Season 1: Pride & Joy","5/19/18"
"The Crown: Season 1: Scientia Potentia Est","5/19/18"
"The Crown: Season 1: Gelignite","5/19/18"
"Archer: Season 1: Diversity Hire","5/18/18"
"The Amazing Spider-Man 2","5/12/18"
"The Amazing Spider-Man","5/11/18"
"Star Wars: The Clone Wars: Season 2: The Deserter","5/11/18"
"Phineas and Ferb: Season 2: Rollercoaster: The Musical!","4/29/18"
"BoJack Horseman: Season 1: Prickly-Muffin","4/22/18"
"Ultimate Spider-Man: Web Warriors: The Return of the Guardians of the Galaxy","4/21/18"
"Gravity Falls: Season 1: The Legend of the Gobblewonker","4/21/18"
"Gravity Falls: Season 1: Tourist Trapped","4/21/18"
"The Boss Baby: Back in Business: Season 1: Scooter Buskie","4/12/18"
"Rick and Morty: Season 3: The Rickshank Rickdemption","4/5/18"
"Ray Donovan: Season 5: Abby","4/5/18"
"Rick and Morty: Season 3: The Ricklantis Mixup","4/4/18"
"Rick and Morty: Season 3: Rest and Ricklaxation","4/4/18"
"13 Reasons Why: Season 1: Tape 6, Side B","3/20/18"
"13 Reasons Why: Season 1: Tape 6, Side A","3/20/18"
"Rick and Morty: Season 3: Pickle Rick","3/4/18"
"Black Mirror: Season 1: Fifteen Million Merits","3/4/18"
"Rick and Morty: Season 1: Rick Potion #9","3/3/18"
"Hardcore Henry","1/29/18"
"The Expanse: Season 1: Dulcinea","1/29/18"
"Big Mouth: Season 1: Requiem for a Wet Dream","1/27/18"
"The Tudors: Season 2: His Majesty's Pleasure","1/26/18"
"The Tudors: Season 2: The Act of Succession","1/26/18"
"The Tudors: Season 2: Tears of Blood","1/26/18"
"Black Mirror: Season 1: The Entire History of You","1/12/18"
"Inception","12/30/17"
"Black Mirror: Season 1: The National Anthem","12/29/17"
"Daddy's Home","12/29/17"
"Bright","12/28/17"
"Teen Wolf: Season 5: Apotheosis","12/27/17"
"Teen Wolf: Season 5: The Beast of Beacon Hills","12/27/17"
"Teen Wolf: Season 5: Maid of Gevaudan","12/26/17"
"Teen Wolf: Season 5: A Credible Threat","12/26/17"
"Men in Black II","12/22/17"
"Teen Wolf: Season 5: Lie Ability","12/22/17"
"Teen Wolf: Season 5: Amplification","12/22/17"
"Teen Wolf: Season 5: The Sword and the Spirit","12/22/17"
"Teen Wolf: Season 5: Codominance","12/21/17"
"Men in Black 3","12/21/17"
"Captain America: The Winter Soldier","12/21/17"
"Teen Wolf: Season 5: Damnatio Memoriae","12/21/17"
"Teen Wolf: Season 5: The Last Chimera","12/20/17"
"Teen Wolf: Season 5: Status Asthmaticus","12/20/17"
"Teen Wolf: Season 5: Lies of Omission","12/20/17"
"Teen Wolf: Season 5: Ouroboros","12/19/17"
"Rick and Morty: Season 1: Lawnmower Dog","12/18/17"
"Teen Wolf: Season 5: Strange Frequencies","12/18/17"
"Teen Wolf: Season 5: Creatures of the Night","12/18/17"
"iBOY","12/17/17"
"Rick and Morty: Season 1: Pilot","12/17/17"
"Rick and Morty: Season 2: A Rickle in Time","12/17/17"
"Teen Wolf: Season 5: Required Reading","12/15/17"
"Teen Wolf: Season 5: A Novel Approach","12/15/17"
"Wanted","12/14/17"
"Teen Wolf: Season 5: Condition Terminal","12/13/17"
"Archer: Season 1: Pilot: Mole Hunt","12/12/17"
"The Chronicles of Riddick","12/12/17"
"Ray Donovan: Season 4: Finale: Rattus Rattus","12/11/17"
"The Tudors: Season 4: Moment of Nostalgia","12/7/17"
"Ray Donovan: Season 4: Chinese Algebra","12/4/17"
"Rick and Morty: Season 3: The ABC's of Beth","12/3/17"
"Rick and Morty: Season 2: Look Who's Purging Now","12/3/17"
"Rick and Morty: Season 2: Interdimensional Cable 2: Tempting Fate","12/1/17"
"Rick and Morty: Season 2: Big Trouble in Little Sanchez","12/1/17"
"Ray Donovan: Season 4: Lake Hollywood","11/26/17"
"Ray Donovan: Season 4: Goodbye, Beautiful","11/23/17"
"Dirty Grandpa","11/23/17"
"Big Mouth: Season 1: The Pornscape","11/22/17"
"Ray Donovan: Season 4: The Texan","11/21/17"
"Ray Donovan: Season 4: Norman Saves the World","11/21/17"
"Ray Donovan: Season 4: Fish and Bird","11/20/17"
"MINDHUNTER: Season 1: Episode 1","11/17/17"
"Teen Wolf: Season 3: The Girl Who Knew Too Much","11/14/17"
"Teen Wolf: Season 3: Currents","11/14/17"
"Hercules","11/14/17"
"Big Mouth: Season 1: Pillow Talk","11/14/17"
"After Earth","11/14/17"
"Stranger Things: Chapter Two: The Weirdo on Maple Street","11/12/17"
"Stranger Things: Chapter One: The Vanishing Of Will Byers","11/11/17"
"Maleficent","11/8/17"
"Bad Boys II","11/8/17"
"Bad Boys","11/8/17"
"Happy Tree Friends: Four on the Floor","11/7/17"
"Happy Tree Friends: The Third Degree","11/7/17"
"Ocean's Eleven","11/4/17"
"Charlie and the Chocolate Factory","11/4/17"
"Men in Black","11/4/17"
"Minions","10/22/17"
"Hot Girls Wanted: Turned On: Season 1: Owning It","10/18/17"
"Hot Girls Wanted: Turned On: Season 1: Women on Top","10/18/17"
"After Porn Ends","10/18/17"
"Rick and Morty: Season 1: Meeseeks and Destroy","10/18/17"
"Happy Tree Friends: One Foot in the Grave","10/17/17"
"Gotham: Season 1: Pilot","10/11/17"
"Jurassic World","10/7/17"
"Furious 7","10/7/17"
"Rick and Morty: Season 1: Something Ricked This Way Comes","10/6/17"
"The Matrix Reloaded","10/5/17"
"Ray Donovan: Season 4: Get Even Before Leavin’","10/4/17"
"Ray Donovan: Season 4: Federal Boobie Inspector","10/4/17"
"Ray Donovan: Season 4: Little Bill Primm’s Big Green Horseshoe","10/3/17"
"Ray Donovan: Season 4: Marisol","10/3/17"
"Ray Donovan: Season 4: Girl, With Guitar","10/3/17"
"Ray Donovan: Season 3: Exsuscito","10/2/17"
"Jerry Before Seinfeld","10/2/17"
"Big Mouth: Season 1: Ejaculation","10/2/17"
"Big Mouth: Season 1: I Survived Jessi's Bat Mitzvah","10/1/17"
"Big Mouth: Season 1: The Head Push","10/1/17"
"Ray Donovan: Season 3: Poker","10/1/17"
"Iron Man 3","10/1/17"
"Big Mouth: Season 1: Girls Are Horny Too","10/1/17"
"Big Mouth: Season 1: Sleepover: A Harrowing Ordeal of Emotional Brutality","10/1/17"
"Big Mouth: Season 1: Am I Gay?","9/30/17"
"Big Mouth: Season 1: Everybody Bleeds","9/30/17"
"Dark Shadows","9/27/17"
"Knights of Sidonia: Season 1: Commencement","9/27/17"
"F is for Family: Season 1: The Bleedin’ in Sweden","9/27/17"
"Terminator Genisys","9/27/17"
"Death Note","9/26/17"
"Cyborg 009: Call of Justice: Season 1: A Tempestuous Visitor","9/26/17"
"Due Date","9/25/17"
"Sherlock Holmes","9/25/17"
"Rick and Morty: Season 3: Rickmancing the Stone","9/25/17"
"The Bad Batch","9/22/17"
"Castlevania: Season 1: Witchbottle","9/21/17"
"Castlevania: Season 1: Monument","9/21/17"
"Castlevania: Season 1: Labyrinth","9/20/17"
"Teen Wolf: Season 3: Motel California","9/15/17"
"Narcos: Season 1: Descenso","9/13/17"
"BoJack Horseman: Season 1: BoJack Hates the Troops","9/10/17"
"BoJack Horseman: Season 1: BoJack Horseman: The BoJack Horseman Story, Chapter One","9/10/17"
"Ray Donovan: Season 3: One Night in Yerevan","9/8/17"
"Marvel's Iron Fist: Season 1: Snow Gives Way","9/7/17"
"House of Cards: Season 1: Chapter 1","9/2/17"
"The Dark Knight","9/2/17"
"Ray Donovan: Season 3: The Octopus","9/2/17"
"Ray Donovan: Season 3: Tulip","9/2/17"
"Ray Donovan: Season 3: All Must Be Loved","9/1/17"
"Ray Donovan: Season 3: Swing Vote","8/31/17"
"Ray Donovan: Season 3: Handshake Deal","8/31/17"
"Ray Donovan: Season 3: Breakfast of Champions","8/31/17"
"Ray Donovan: Season 3: Come and Knock on Our Door","8/30/17"
"Ray Donovan: Season 3: Ding","8/30/17"
"Ray Donovan: Season 3: The Kalamazoo","8/30/17"
"Ray Donovan: Season 2: The Captain","8/30/17"
"Ray Donovan: Season 2: Rodef","8/30/17"
"Ray Donovan: Season 2: Volcheck","8/30/17"
"Ray Donovan: Season 2: Snowflake","8/30/17"
"Ray Donovan: Season 2: Sunny","8/29/17"
"Ray Donovan: Season 2: Walk This Way","8/29/17"
"Ray Donovan: Season 2: Viagra","8/29/17"
"Ray Donovan: Season 2: Irish Spring","8/29/17"
"Ray Donovan: Season 2: S U C K","8/29/17"
"Ray Donovan: Season 2: Gem and Loan","8/29/17"
"Ray Donovan: Season 2: Uber Ray","8/29/17"
"Ray Donovan: Season 2: Yo Soy Capitán","8/29/17"
"Ray Donovan: Season 1: Same Exactly","8/27/17"
"Ray Donovan: Season 1: Bucky F***in' Dent","8/27/17"
"Rick and Morty: Season 2: The Wedding Squanchers","8/27/17"
"Ray Donovan: Season 1: Fite Nite","8/27/17"
"Ray Donovan: Season 1: Road Trip","8/26/17"
"Ray Donovan: Season 1: Bridget","8/26/17"
"Ray Donovan: Season 1: New Birthday","8/26/17"
"Ray Donovan: Season 1: Housewarming","8/26/17"
"Ray Donovan: Season 1: The Golem","8/26/17"
"Ray Donovan: Season 1: Black Cadillac","8/25/17"
"Ray Donovan: Season 1: Twerk","8/24/17"
"Ray Donovan: Season 1: A Mouth Is a Mouth","8/24/17"
"Ray Donovan: Season 1: The Bag or the Bat","8/24/17"
"Batman Begins","8/24/17"
"The Matrix","8/22/17"
"Rick and Morty: Season 1: M. Night Shaym-Aliens!","8/20/17"
"The Dark Knight Rises","8/20/17"
"Rick and Morty: Season 1: Ricksy Business","8/20/17"
"Watchmen","8/20/17"
"Marvel's The Defenders: Limited Series: Mean Right Hook","8/19/17"
"Marvel's The Defenders: Limited Series: The H Word","8/19/17"
"Get Smart","8/19/17"
"Rick and Morty: Season 1: Close Rick-counters of the Rick Kind","8/19/17"
"Rick and Morty: Season 1: Rixty Minutes","8/18/17"
"Marvel's Jessica Jones: Season 1: AKA It's Called Whiskey","8/18/17"
"Marvel's Jessica Jones: Season 1: AKA Crush Syndrome","8/15/17"
"Marvel's Jessica Jones: Season 1: AKA Ladies Night","8/15/17"
"One More Time: Season 1: Episode 1","8/15/17"
"The 40-Year-Old Virgin","8/15/17"
"Video Game High School: Season 1: Welcome to VGHS","8/15/17"
"No Strings Attached","8/15/17"
"Underworld: Rise of the Lycans","8/15/17"
"Indiana Jones and the Kingdom of the Crystal Skull","8/14/17"
"The Book of Eli","8/14/17"
"Friday the 13th","8/13/17"
"The Hangover","8/11/17"
"AJIN: Demi-Human: Season 2: I’ll make you a promise too, Mr. Sato","8/11/17"
"AJIN: Demi-Human: Season 2: But that makes it interesting, so whatever","8/11/17"
"AJIN: Demi-Human: Season 2: At This Rate… It Really Will Be War!","8/11/17"
"AJIN: Demi-Human: Season 2: I won't do it","8/11/17"
"AJIN: Demi-Human: Season 2: You’re the one messing up my life!","8/11/17"
"Suits: Season 1: Pilot Part 1 & 2","8/11/17"
"AJIN: Demi-Human: Season 2: This Country Is Going to Get a Little Unsettled","8/11/17"
"AJIN: Demi-Human: Season 2: Kuro, just once more, please!","8/11/17"
"AJIN: Demi-Human: Season 2: Must be tough being a lapdog","8/11/17"
"AJIN: Demi-Human: Season 2: Kuro, please…","8/10/17"
"AJIN: Demi-Human: Season 2: They make me sick","8/10/17"
"AJIN: Demi-Human: Season 2: But I’m always scared","8/10/17"
"AJIN: Demi-Human: Season 2: I'm surrounded by idiots","8/10/17"
"AJIN: Demi-Human: Season 2: I’m getting sick of this","8/10/17"
"AJIN: Demi-Human: Season 1: Sato, it’s all your fault!","8/10/17"
"AJIN: Demi-Human: Season 1: Whew, I'm beat","8/10/17"
"AJIN: Demi-Human: Season 1: It's show time","8/10/17"
"AJIN: Demi-Human: Season 1: They start to decay as soon as they're created","8/10/17"
"AJIN: Demi-Human: Season 1: Wait, let's talk it over","8/10/17"
"The Hangover: Part III","8/10/17"
"AJIN: Demi-Human: Season 1: Brace yourselves","8/10/17"
"AJIN: Demi-Human: Season 1: I swear I'll cover the whole thing up","8/10/17"
"Lemony Snicket's A Series of Unfortunate Events","8/10/17"
"Iron Man: Armored Adventures: Season 1: Iron, Forged in Fire: Part 1","8/10/17"
"AJIN: Demi-Human: Season 1: I'm gonna kill you too","8/9/17"
"Hannibal: Season 1: Amuse-bouche","8/4/17"
"His Dark Materials: The Golden Compass","8/4/17"
"The Tourist","8/2/17"
"Catch Me If You Can","8/1/17"
"The Do-Over","8/1/17"
"Teen Wolf: Season 3: Frayed","7/26/17"
"Teen Wolf: Season 3: Unleashed","7/26/17"
"Teen Wolf: Season 3: Fireflies","7/26/17"
"Teen Wolf: Season 3: Chaos Rising","7/26/17"
"Transformers: Revenge of the Fallen","7/26/17"
"Rick and Morty: Season 1: Anatomy Park","7/24/17"
"Johnny English","7/20/17"
"Teen Wolf: Season 1: Code Breaker","7/20/17"
"Teen Wolf: Season 1: Formality","7/20/17"
"Teen Wolf: Season 1: Second Chance at First Line","7/20/17"
"Teen Wolf: Season 1: Wolf Moon","7/20/17"
"Orange Is the New Black: Season 1: Can't Fix Crazy","7/19/17"
"Rick and Morty: Season 1: Raising Gazorpazorp","7/19/17"
"13 Reasons Why: Season 1: Tape 3, Side A","7/19/17"
"Transformers: Dark of the Moon","7/16/17"
"Archer: Season 1: Training Day","7/14/17"
"13 Reasons Why: Season 1: Tape 2, Side B","6/28/17"
"13 Reasons Why: Season 1: Tape 2, Side A","6/27/17"
"13 Reasons Why: Season 1: Tape 1, Side B","6/27/17"
"13 Reasons Why: Season 1: Tape 1, Side A","6/27/17"
"Supergirl: Season 1: Pilot","6/15/17"
"I Am Legend","6/15/17"
"Green Lantern","6/5/17"
"Marvel's Iron Fist: Season 1: Dragon Plays with Fire","6/1/17"
"Marvel's Iron Fist: Season 1: Bar the Big Boss","5/31/17"
"Pacific Rim","5/27/17"
"My Runway: Season 1: Episode 1","5/20/17"
"Good Morning Call: Season 1: Alone at Last","5/20/17"
"The Sound of Your Heart: Season 1: Documentary / Fire in China","5/20/17"
"The Sound of Your Heart: Season 1: Ae-bong's Birthday Party / Internet Man","5/20/17"
"Zootropolis","5/19/17"
"The Sound of Your Heart: Season 1: Bucket List / Noisy Neighbors","5/18/17"
"The Sound of Your Heart: Season 1: Timing / The Dating Game","5/18/17"
"Hannibal: Season 1: Apéritif","5/18/17"
"Better Call Saul: Season 1: Uno","5/18/17"
"Daredevil","5/18/17"
"What Happens in Vegas","5/18/17"
"Man to Man: Season 1: Episode 1","5/18/17"
"The Smurfs 2","5/18/17"
"The Sound of Your Heart: Season 1: Cho Seok's Diary / Doppelganger","5/18/17"
"The Sound of Your Heart: Season 1: The Sound of Your Heart / The Way Home","5/18/17"
"Jumper","5/18/17"
"Orange Is the New Black: Season 1: Tit Punch","5/18/17"
"Orange Is the New Black: Season 1: I Wasn't Ready","5/18/17"
"Marvel's Daredevil: Season 1: Rabbit in a Snowstorm","5/17/17"
"The Sound of Your Heart: Season 1: Your 50's / Reconstructed Memory","5/16/17"
"The Sound of Your Heart: Season 1: I'll Just Stay Here / Reply 2016","5/16/17"
"Marvel's Daredevil: Season 1: Cut Man","5/14/17"
"Marvel's Daredevil: Season 1: Into the Ring","5/14/17"
"House, M.D.: Season 1: Damned If You Do","5/13/17"